{
    "detection_average_time": 0.30745271294532966,
    "refactoring_times": {
        "R0913": 0.2889580096719631,
        "R6301": 0.28775068186223507,
        "R1729": 0.1510301371648287,
        "LLE001": 0.0006964643253013492,
        "LMC001": 0.0005555886503619453,
        "LEC001": 0.010651869039672116,
        "CRC001": 0.004467369018432994,
        "SCL001": 0.013641241187643673
    },
    "energy_measurement_times": {
        "R0913": 13.485077957506292,
        "R6301": 13.485232442171158,
        "R1729": 13.716366431637047,
        "LLE001": 13.511212014399158,
        "LMC001": 13.518463252015257,
        "LEC001": 13.407299365615472,
        "CRC001": 13.696208274302384,
        "SCL001": 13.713585255887462
    }
}